{"schemaVersion":"1.0","appDefinitionTemplate":{"id":"/providers/Microsoft.PowerApps/apps/","type":"Microsoft.PowerApps/apps","tags":{"primaryDeviceWidth":"1366","primaryDeviceHeight":"768","supportsPortrait":"true","supportsLandscape":"true","primaryFormFactor":"Tablet","showStatusBar":"false","publisherVersion":"3.24074.14","minimumRequiredApiVersion":"2.2.0","hasComponent":"false","hasUnlockedComponent":"false","isUnifiedRootApp":"false","sienaVersion":"20240805T065639Z-3.24074.14.0"},"properties":{"appVersion":"2024-08-05T06:56:39Z","lifeCycleId":"Published","createdByClientVersion":{"major":3,"minor":24074,"build":14,"revision":0,"majorRevision":0,"minorRevision":0},"minClientVersion":{"major":3,"minor":24074,"build":14,"revision":0,"majorRevision":0,"minorRevision":0},"backgroundColor":"RGBA(0,176,240,1)","backgroundImageUri":"/10987680160738149947/Nfdac7e2b-4c9e-4ed5-a8a6-59c8b13bad69-logoSmallFile","displayName":"Test MIR","description":"","commitMessage":"","appUris":{"documentUri":{"value":"/10987680160738149947/Nd511e9a1-dc59-4428-8fee-a2ca2f36aecb-document.msapp"},"imageUris":[],"additionalUris":[{"isSolutionAware":false,"value":"/10987680160738149947/N2c93dd5f-eb66-4af8-ae1a-5196c665262c-identity.json"}]},"createdTime":"0001-01-01T00:00:00Z","lastModifiedTime":"0001-01-01T00:00:00Z","sharedGroupsCount":0,"sharedUsersCount":0,"connectionReferences":{},"databaseReferences":{"default.cds":{"databaseDetails":{"referenceType":"Environmental","environmentName":"default.cds","overrideValues":{"status":"NotSpecified","environmentVariableName":""}},"dataSources":{"Mir Test Table(Main)s":{"entitySetName":"crc12_mirtesttables","logicalName":"crc12_mirtesttable","isHidden":false},"MIR Test Table(Action Plan)s":{"entitySetName":"crc12_mirtesttableactionplans","logicalName":"crc12_mirtesttableactionplan","isHidden":false},"MIR Test Table(IMT)s":{"entitySetName":"crc12_mirtesttableimts","logicalName":"crc12_mirtesttableimt","isHidden":false}},"actions":["providers/PowerPlatform.Governance/Operations/Read","providers/PowerPlatform.Governance/Operations/Write"]}},"almMode":"Environment","performanceOptimizationEnabled":false,"canConsumeAppPass":false,"enableModernRuntimeMode":false,"executionRestrictions":{"isTeamsOnly":false,"dataLossPreventionEvaluationResult":{"status":"Compliant","lastEvaluationDate":"2024-07-09T11:47:49.222789Z","violations":[],"violationsByPolicy":[],"violationErrorMessage":"The app uses the following connectors: ."}}},"appType":"ClassicCanvasApp","appComponents":[]}}