{"schemaVersion":"1.0","appDefinitionTemplate":{"id":"/providers/Microsoft.PowerApps/apps/","type":"Microsoft.PowerApps/apps","tags":{"primaryDeviceWidth":"1366","primaryDeviceHeight":"768","supportsPortrait":"true","supportsLandscape":"true","primaryFormFactor":"Tablet","showStatusBar":"false","publisherVersion":"3.24074.14","minimumRequiredApiVersion":"2.2.0","hasComponent":"false","hasUnlockedComponent":"false","isUnifiedRootApp":"false","sienaVersion":"20240806T123039Z-3.24074.14.0"},"properties":{"appVersion":"2024-08-06T12:30:39Z","lifeCycleId":"Published","createdByClientVersion":{"major":3,"minor":24074,"build":14,"revision":0,"majorRevision":0,"minorRevision":0},"minClientVersion":{"major":3,"minor":24074,"build":14,"revision":0,"majorRevision":0,"minorRevision":0},"backgroundColor":"RGBA(0,176,240,1)","backgroundImageUri":"/10987680160738149947/Nbd83127f-a448-4e2c-9d68-fb57ceb11af9-logoSmallFile","displayName":"Test MIR","description":"","commitMessage":"","appUris":{"documentUri":{"value":"/10987680160738149947/N4258eb3d-1d8d-4b06-9ac1-c4a44a218e75-document.msapp"},"imageUris":[],"additionalUris":[{"isSolutionAware":false,"value":"/10987680160738149947/N49b7ae2f-effd-4a2d-b360-7f51e49b6624-identity.json"}]},"createdTime":"0001-01-01T00:00:00Z","lastModifiedTime":"0001-01-01T00:00:00Z","sharedGroupsCount":0,"sharedUsersCount":0,"connectionReferences":{"099b735c-d970-4afc-9916-054f6e03b02e":{"id":"bc9d4de9-8137-4f15-87dd-192965f286da","displayName":"SharePoint","iconUri":"https://connectoricons-prod.azureedge.net/u/jayawan/releases/v1.0.1697/1.0.1697.3786/sharepointonline/icon.png","dataSources":["MIR Test (Main)","MIR Test (Action)"],"dependencies":[],"dependents":[],"parameterHints":{},"parameterHintsV2":{},"isOnPremiseConnection":false,"bypassConsent":false,"dataSets":{"https://uead-my.sharepoint.com/personal/ueptestmbx1_uep_com_pk1":{"dataSources":{"MIR Test (Main)":{"tableName":"492cea6c-44dc-4d20-a7af-e96205a9f2e9"},"MIR Test (Action)":{"tableName":"3ff9efba-3723-41fb-b8e8-a54ead025fcc"}}}},"apiTier":"Standard","isCustomApiConnection":false,"actions":["providers/PowerPlatform.Governance/Operations/Read","providers/PowerPlatform.Governance/Operations/Write"]}},"databaseReferences":{"default.cds":{"databaseDetails":{"referenceType":"Environmental","environmentName":"default.cds","overrideValues":{"status":"NotSpecified","environmentVariableName":""}},"dataSources":{"MIR Test Table(IMT)s":{"entitySetName":"crc12_mirtesttableimts","logicalName":"crc12_mirtesttableimt","isHidden":false},"MIR Test Table(Action Plan)s":{"entitySetName":"crc12_mirtesttableactionplans","logicalName":"crc12_mirtesttableactionplan","isHidden":false}},"actions":["providers/PowerPlatform.Governance/Operations/Read","providers/PowerPlatform.Governance/Operations/Write"]}},"almMode":"Environment","performanceOptimizationEnabled":false,"canConsumeAppPass":false,"enableModernRuntimeMode":false,"executionRestrictions":{"isTeamsOnly":false,"dataLossPreventionEvaluationResult":{"status":"Compliant","lastEvaluationDate":"2024-07-09T11:47:49.222789Z","violations":[],"violationsByPolicy":[],"violationErrorMessage":"The app uses the following connectors: ."}}},"appType":"ClassicCanvasApp","appComponents":[]}}